{
  "nuclearcraft:root": {
    "criteria": {
      "location": "2019-12-06 11:14:37 +0000"
    },
    "done": true
  },
  "nuclearcraft:fission/rtg_americium": {
    "criteria": {
      "has_item": "2019-12-06 11:21:35 +0000"
    },
    "done": true
  },
  "minecraft:husbandry/plant_seed": {
    "criteria": {
      "wheat": "2019-12-06 11:19:48 +0000"
    },
    "done": true
  },
  "minecraft:adventure/adventuring_time": {
    "criteria": {
      "taiga": "2019-12-06 11:14:37 +0000",
      "extreme_hills": "2019-12-06 11:16:02 +0000"
    },
    "done": false
  }
}