{
  "nuclearcraft:root": {
    "criteria": {
      "location": "2019-12-07 12:46:17 +0000"
    },
    "done": true
  },
  "minecraft:recipes/redstone/repeater": {
    "criteria": {
      "has_redstone_torch": "2019-12-07 12:59:58 +0000"
    },
    "done": true
  },
  "minecraft:adventure/adventuring_time": {
    "criteria": {
      "plains": "2019-12-07 12:46:17 +0000"
    },
    "done": false
  },
  "nuclearcraft:fission/rtg_californium": {
    "criteria": {
      "has_item": "2019-12-07 12:46:42 +0000"
    },
    "done": true
  },
  "minecraft:story/root": {
    "criteria": {
      "crafting_table": "2019-12-07 12:48:01 +0000"
    },
    "done": true
  }
}