{
  "nuclearcraft:root": {
    "criteria": {
      "location": "2019-12-07 14:20:46 +0000"
    },
    "done": true
  },
  "minecraft:recipes/decorations/chest": {
    "criteria": {
      "has_lots_of_items": "2019-12-07 14:28:14 +0000"
    },
    "done": true
  },
  "minecraft:adventure/adventuring_time": {
    "criteria": {
      "plains": "2019-12-07 14:20:46 +0000"
    },
    "done": false
  },
  "nuclearcraft:fission/rtg_californium": {
    "criteria": {
      "has_item": "2019-12-07 14:20:46 +0000"
    },
    "done": true
  }
}