{
  "nuclearcraft:root": {
    "criteria": {
      "location": "2019-12-17 23:25:44 +0000"
    },
    "done": true
  },
  "nuclearcraft:fission/rtg_americium": {
    "criteria": {
      "has_item": "2019-12-17 23:25:43 +0000"
    },
    "done": true
  },
  "minecraft:recipes/decorations/chest": {
    "criteria": {
      "has_lots_of_items": "2019-12-17 23:25:57 +0000"
    },
    "done": true
  },
  "minecraft:adventure/adventuring_time": {
    "criteria": {
      "plains": "2019-12-17 23:25:44 +0000"
    },
    "done": false
  }
}