{
  "minecraft:recipes/decorations/item_frame": {
    "criteria": {
      "has_leather": "2020-01-06 14:58:07 +0000"
    },
    "done": true
  },
  "nuclearcraft:root": {
    "criteria": {
      "location": "2020-01-06 14:58:07 +0000"
    },
    "done": true
  },
  "nuclearcraft:fission/rtg_plutonium": {
    "criteria": {
      "has_item": "2020-01-06 14:58:07 +0000"
    },
    "done": true
  },
  "minecraft:recipes/combat/leather_chestplate": {
    "criteria": {
      "has_leather": "2020-01-06 14:58:07 +0000"
    },
    "done": true
  },
  "minecraft:recipes/decorations/chest": {
    "criteria": {
      "has_lots_of_items": "2020-01-06 14:58:07 +0000"
    },
    "done": true
  },
  "minecraft:recipes/combat/leather_boots": {
    "criteria": {
      "has_leather": "2020-01-06 14:58:07 +0000"
    },
    "done": true
  },
  "minecraft:recipes/food/cake": {
    "criteria": {
      "has_egg": "2020-01-06 14:58:07 +0000"
    },
    "done": true
  },
  "minecraft:recipes/combat/leather_helmet": {
    "criteria": {
      "has_leather": "2020-01-06 14:58:07 +0000"
    },
    "done": true
  },
  "minecraft:recipes/combat/leather_leggings": {
    "criteria": {
      "has_leather": "2020-01-06 14:58:07 +0000"
    },
    "done": true
  },
  "minecraft:adventure/adventuring_time": {
    "criteria": {
      "plains": "2020-01-06 14:58:07 +0000"
    },
    "done": false
  }
}