{
  "nuclearcraft:root": {
    "criteria": {
      "location": "2020-01-18 01:12:19 +0000"
    },
    "done": true
  },
  "minecraft:recipes/decorations/chest": {
    "criteria": {
      "has_lots_of_items": "2020-01-18 01:12:19 +0000"
    },
    "done": true
  },
  "minecraft:adventure/adventuring_time": {
    "criteria": {
      "plains": "2020-01-18 01:12:19 +0000"
    },
    "done": false
  },
  "minecraft:story/root": {
    "criteria": {
      "crafting_table": "2020-01-18 01:12:19 +0000"
    },
    "done": true
  }
}