{
  "nuclearcraft:root": {
    "criteria": {
      "location": "2020-01-16 22:06:00 +0000"
    },
    "done": true
  },
  "nuclearcraft:devices/lithium_ion_battery_basic": {
    "criteria": {
      "has_item": "2020-01-16 22:05:59 +0000"
    },
    "done": true
  },
  "minecraft:recipes/decorations/chest": {
    "criteria": {
      "has_lots_of_items": "2020-01-16 22:05:59 +0000"
    },
    "done": true
  },
  "minecraft:adventure/adventuring_time": {
    "criteria": {
      "plains": "2020-01-16 22:06:00 +0000"
    },
    "done": false
  }
}