{
  "nuclearcraft:root": {
    "criteria": {
      "location": "2020-01-16 23:19:13 +0000"
    },
    "done": true
  },
  "nuclearcraft:devices/lithium_ion_battery_basic": {
    "criteria": {
      "has_item": "2020-01-16 23:19:13 +0000"
    },
    "done": true
  },
  "minecraft:recipes/decorations/chest": {
    "criteria": {
      "has_lots_of_items": "2020-01-16 23:19:13 +0000"
    },
    "done": true
  },
  "minecraft:husbandry/plant_seed": {
    "criteria": {
      "wheat": "2020-01-16 23:24:41 +0000"
    },
    "done": true
  },
  "minecraft:adventure/adventuring_time": {
    "criteria": {
      "plains": "2020-01-16 23:19:13 +0000"
    },
    "done": false
  }
}