{"stat.flyOneCm":1836,"stat.walkOneCm":477,"stat.drop":5,"stat.pickup.emergingtechnology.shreddedplastic":1,"stat.playOneMinute":7425,"stat.drop.emergingtechnology.shreddedplastic":1,"stat.pickup.emergingtechnology.resin":1,"stat.drop.emergingtechnology.resin":1,"stat.leaveGame":1,"stat.sneakTime":15,"stat.pickup.emergingtechnology.shreddedplant":1,"stat.pickup.emergingtechnology.cooker":1,"stat.drop.emergingtechnology.shreddedplant":1,"stat.crouchOneCm":39,"stat.drop.emergingtechnology.shreddedstarch":1,"stat.timeSinceDeath":7425,"stat.drop.emergingtechnology.cooker":1,"stat.pickup.emergingtechnology.shreddedstarch":1}