{"stat.chestOpened":5,"stat.flyOneCm":27188,"stat.walkOneCm":39659,"stat.pickup.emergingtechnology.shreddedplastic":13,"stat.jump":54,"stat.playOneMinute":20491,"stat.useItem.thermaldynamics.servo":15,"stat.useItem.thermalfoundation.meter":8,"stat.pickup.emergingtechnology.plasticblock":2,"stat.useItem.emergingtechnology.plasticblock":48,"stat.leaveGame":1,"stat.sneakTime":2032,"stat.useItem.thermaldynamics.duct_32":41,"stat.furnaceInteraction":6,"stat.crouchOneCm":4437,"stat.timeSinceDeath":20491,"stat.useItem.thermaldynamics.duct_0":19,"stat.sprintOneCm":442,"stat.useItem.emergingtechnology.clearplasticblock":21,"stat.useItem.minecraft.stone_slab2":29}