{
  "nuclearcraft:root": {
    "criteria": {
      "location": "2020-01-02 13:29:37 +0000"
    },
    "done": true
  },
  "nuclearcraft:fission/rtg_plutonium": {
    "criteria": {
      "has_item": "2020-01-02 13:39:08 +0000"
    },
    "done": true
  },
  "nuclearcraft:devices/lithium_ion_battery_basic": {
    "criteria": {
      "has_item": "2020-01-02 13:58:37 +0000"
    },
    "done": true
  },
  "minecraft:recipes/redstone/redstone_lamp": {
    "criteria": {
      "has_glowstone": "2020-01-02 13:41:58 +0000"
    },
    "done": true
  },
  "minecraft:adventure/adventuring_time": {
    "criteria": {
      "forest": "2020-01-02 13:29:37 +0000",
      "forest_hills": "2020-01-02 13:31:38 +0000",
      "extreme_hills": "2020-01-02 13:31:55 +0000",
      "river": "2020-01-02 13:30:17 +0000"
    },
    "done": false
  }
}