{"stat.flyOneCm":104187,"stat.walkOneCm":116354,"stat.useItem.galacticraftcore.aluminum_wire":19,"stat.useItem.emergingtechnology.piezoelectric":10,"stat.drop":1,"stat.useItem.galacticraftcore.fluid_pipe":10,"stat.jump":82,"stat.playOneMinute":38912,"stat.useItem.minecraft.stone":26,"stat.useItem.emergingtechnology.plasticblock":505,"stat.useItem.minecraft.item_frame":2,"stat.sneakTime":1719,"stat.useItem.opencomputers.cable":10,"stat.crouchOneCm":4562,"stat.timeSinceDeath":38912,"stat.drop.opencomputers.tool":1,"stat.sprintOneCm":6724,"stat.useItem.emergingtechnology.clearplasticblock":76,"stat.useItem.minecraft.stained_glass":31,"stat.useItem.minecraft.stone_slab2":189,"stat.useItem.minecraft.spawn_egg":3,"stat.useItem.minecraft.concrete":139}