{
  "minecraft:recipes/transportation/acacia_boat": {
    "criteria": {
      "entered_water": "2020-02-28 00:03:37 +0000"
    },
    "done": true
  },
  "nuclearcraft:root": {
    "criteria": {
      "location": "2020-02-28 00:01:15 +0000"
    },
    "done": true
  },
  "minecraft:recipes/transportation/dark_oak_boat": {
    "criteria": {
      "entered_water": "2020-02-28 00:03:37 +0000"
    },
    "done": true
  },
  "minecraft:recipes/transportation/birch_boat": {
    "criteria": {
      "entered_water": "2020-02-28 00:03:37 +0000"
    },
    "done": true
  },
  "minecraft:recipes/transportation/boat": {
    "criteria": {
      "entered_water": "2020-02-28 00:03:37 +0000"
    },
    "done": true
  },
  "minecraft:recipes/transportation/jungle_boat": {
    "criteria": {
      "entered_water": "2020-02-28 00:03:37 +0000"
    },
    "done": true
  },
  "minecraft:recipes/transportation/spruce_boat": {
    "criteria": {
      "entered_water": "2020-02-28 00:03:37 +0000"
    },
    "done": true
  },
  "minecraft:adventure/adventuring_time": {
    "criteria": {
      "forest": "2020-02-28 00:05:22 +0000",
      "birch_forest": "2020-02-28 00:07:35 +0000",
      "beaches": "2020-02-28 00:02:18 +0000",
      "forest_hills": "2020-02-28 00:07:18 +0000",
      "jungle_hills": "2020-02-28 00:02:16 +0000",
      "ocean": "2020-02-28 00:02:19 +0000",
      "extreme_hills": "2020-02-28 00:07:01 +0000",
      "jungle": "2020-02-28 00:01:15 +0000",
      "river": "2020-02-28 00:05:23 +0000",
      "stone_beach": "2020-02-28 00:06:56 +0000"
    },
    "done": false
  }
}