{
  "minecraft:recipes/combat/wooden_sword": {
    "criteria": {
      "has_stick": "2020-02-29 09:02:24 +0000"
    },
    "done": true
  },
  "minecraft:recipes/tools/wooden_pickaxe": {
    "criteria": {
      "has_stick": "2020-02-29 09:02:24 +0000"
    },
    "done": true
  },
  "minecraft:recipes/tools/wooden_axe": {
    "criteria": {
      "has_stick": "2020-02-29 09:02:24 +0000"
    },
    "done": true
  },
  "minecraft:recipes/decorations/ladder": {
    "criteria": {
      "has_stick": "2020-02-29 09:02:24 +0000"
    },
    "done": true
  },
  "minecraft:recipes/transportation/dark_oak_boat": {
    "criteria": {
      "entered_water": "2020-02-29 08:45:18 +0000"
    },
    "done": true
  },
  "minecraft:recipes/decorations/chest": {
    "criteria": {
      "has_lots_of_items": "2020-02-29 08:44:24 +0000"
    },
    "done": true
  },
  "minecraft:recipes/transportation/birch_boat": {
    "criteria": {
      "entered_water": "2020-02-29 08:45:18 +0000"
    },
    "done": true
  },
  "minecraft:recipes/tools/wooden_shovel": {
    "criteria": {
      "has_stick": "2020-02-29 09:02:24 +0000"
    },
    "done": true
  },
  "minecraft:recipes/transportation/acacia_boat": {
    "criteria": {
      "entered_water": "2020-02-29 08:45:18 +0000"
    },
    "done": true
  },
  "nuclearcraft:root": {
    "criteria": {
      "location": "2020-02-29 08:44:24 +0000"
    },
    "done": true
  },
  "minecraft:recipes/tools/wooden_hoe": {
    "criteria": {
      "has_stick": "2020-02-29 09:02:24 +0000"
    },
    "done": true
  },
  "minecraft:recipes/transportation/boat": {
    "criteria": {
      "entered_water": "2020-02-29 08:45:18 +0000"
    },
    "done": true
  },
  "minecraft:recipes/transportation/jungle_boat": {
    "criteria": {
      "entered_water": "2020-02-29 08:45:18 +0000"
    },
    "done": true
  },
  "minecraft:recipes/transportation/spruce_boat": {
    "criteria": {
      "entered_water": "2020-02-29 08:45:18 +0000"
    },
    "done": true
  },
  "minecraft:adventure/adventuring_time": {
    "criteria": {
      "forest": "2020-02-29 08:44:24 +0000",
      "swampland": "2020-02-29 08:49:49 +0000",
      "birch_forest": "2020-02-29 08:44:41 +0000",
      "extreme_hills_with_trees": "2020-02-29 08:59:00 +0000",
      "desert_hills": "2020-02-29 08:51:26 +0000",
      "forest_hills": "2020-02-29 08:46:19 +0000",
      "savanna": "2020-02-29 08:52:01 +0000",
      "plains": "2020-02-29 08:44:42 +0000",
      "savanna_rock": "2020-02-29 09:00:19 +0000",
      "taiga": "2020-02-29 08:45:39 +0000",
      "taiga_hills": "2020-02-29 08:45:50 +0000",
      "extreme_hills": "2020-02-29 08:58:56 +0000",
      "roofed_forest": "2020-02-29 08:49:17 +0000",
      "river": "2020-02-29 08:44:40 +0000",
      "desert": "2020-02-29 08:51:30 +0000"
    },
    "done": false
  }
}