{
  "minecraft:recipes/transportation/acacia_boat": {
    "criteria": {
      "entered_water": "2020-02-28 20:23:59 +0000"
    },
    "done": true
  },
  "nuclearcraft:root": {
    "criteria": {
      "location": "2020-02-28 20:20:38 +0000"
    },
    "done": true
  },
  "nuclearcraft:fission/rtg_plutonium": {
    "criteria": {
      "has_item": "2020-02-28 20:20:37 +0000"
    },
    "done": true
  },
  "minecraft:recipes/transportation/dark_oak_boat": {
    "criteria": {
      "entered_water": "2020-02-28 20:23:59 +0000"
    },
    "done": true
  },
  "minecraft:recipes/decorations/chest": {
    "criteria": {
      "has_lots_of_items": "2020-02-28 20:20:37 +0000"
    },
    "done": true
  },
  "minecraft:recipes/transportation/birch_boat": {
    "criteria": {
      "entered_water": "2020-02-28 20:23:59 +0000"
    },
    "done": true
  },
  "minecraft:recipes/transportation/boat": {
    "criteria": {
      "entered_water": "2020-02-28 20:23:59 +0000"
    },
    "done": true
  },
  "minecraft:recipes/transportation/jungle_boat": {
    "criteria": {
      "entered_water": "2020-02-28 20:23:59 +0000"
    },
    "done": true
  },
  "minecraft:recipes/transportation/spruce_boat": {
    "criteria": {
      "entered_water": "2020-02-28 20:23:59 +0000"
    },
    "done": true
  },
  "minecraft:adventure/adventuring_time": {
    "criteria": {
      "forest": "2020-02-28 20:29:22 +0000",
      "mesa_rock": "2020-02-28 20:23:42 +0000",
      "beaches": "2020-02-28 20:20:38 +0000",
      "extreme_hills_with_trees": "2020-02-28 20:29:34 +0000",
      "mesa": "2020-02-28 20:23:05 +0000",
      "forest_hills": "2020-02-28 20:30:17 +0000",
      "plains": "2020-02-28 20:30:26 +0000",
      "jungle_edge": "2020-02-28 20:26:52 +0000",
      "mesa_clear_rock": "2020-02-28 20:23:15 +0000",
      "taiga": "2020-02-28 20:28:55 +0000",
      "ocean": "2020-02-28 20:21:53 +0000",
      "extreme_hills": "2020-02-28 20:29:02 +0000",
      "river": "2020-02-28 20:21:59 +0000",
      "jungle": "2020-02-28 20:27:21 +0000",
      "desert": "2020-02-28 20:23:54 +0000"
    },
    "done": false
  }
}