{
  "minecraft:recipes/combat/wooden_sword": {
    "criteria": {
      "has_stick": "2020-02-29 19:21:53 +0000"
    },
    "done": true
  },
  "nuclearcraft:root": {
    "criteria": {
      "location": "2020-02-29 19:21:54 +0000"
    },
    "done": true
  },
  "minecraft:recipes/tools/wooden_pickaxe": {
    "criteria": {
      "has_stick": "2020-02-29 19:21:53 +0000"
    },
    "done": true
  },
  "nuclearcraft:fission/rtg_plutonium": {
    "criteria": {
      "has_item": "2020-02-29 19:22:13 +0000"
    },
    "done": true
  },
  "minecraft:recipes/tools/wooden_hoe": {
    "criteria": {
      "has_stick": "2020-02-29 19:21:53 +0000"
    },
    "done": true
  },
  "minecraft:recipes/tools/wooden_axe": {
    "criteria": {
      "has_stick": "2020-02-29 19:21:53 +0000"
    },
    "done": true
  },
  "minecraft:recipes/decorations/ladder": {
    "criteria": {
      "has_stick": "2020-02-29 19:21:53 +0000"
    },
    "done": true
  },
  "minecraft:recipes/decorations/chest": {
    "criteria": {
      "has_lots_of_items": "2020-02-29 19:21:53 +0000"
    },
    "done": true
  },
  "minecraft:recipes/tools/wooden_shovel": {
    "criteria": {
      "has_stick": "2020-02-29 19:21:53 +0000"
    },
    "done": true
  },
  "minecraft:adventure/adventuring_time": {
    "criteria": {
      "desert": "2020-02-29 19:21:54 +0000"
    },
    "done": false
  }
}