{"stat.pickup.dumpsterdiving.scrap_iron":3,"stat.pickup.dumpsterdiving.scrap_plank":2,"stat.walkOneCm":6899,"stat.pickup.dumpsterdiving.scrap_rubber":1,"stat.pickup.dumpsterdiving.scrap_copper":1,"stat.pickup.dumpsterdiving.scrap_log":2,"stat.pickup.dumpsterdiving.scrap_leather":1,"stat.mineBlock.dumpsterdiving.lf_dirt":1,"stat.mineBlock.dumpsterdiving.trash_ore":17,"stat.pickup.dumpsterdiving.mold_pumpkin":1,"stat.flyOneCm":157174,"stat.pickup.dumpsterdiving.scrap_glowstone":1,"stat.jump":19,"stat.useItem.dumpsterdiving.diamond_scoop":18,"stat.pickup.dumpsterdiving.scrap_torch":1,"stat.playOneMinute":7156,"stat.fallOneCm":209,"stat.sneakTime":186,"stat.pickup.dumpsterdiving.scrap_aluminum":2,"stat.crouchOneCm":41,"stat.timeSinceDeath":7156,"stat.pickup.dumpsterdiving.scrap_lead":1,"stat.pickup.dumpsterdiving.scrap_glass":1,"stat.sprintOneCm":3198,"stat.useItem.minecraft.stone_slab2":1}