{
  "nuclearcraft:root": {
    "criteria": {
      "location": "2020-01-05 08:38:57 +0000"
    },
    "done": true
  },
  "nuclearcraft:fission/rtg_plutonium": {
    "criteria": {
      "has_item": "2020-01-05 08:40:18 +0000"
    },
    "done": true
  },
  "minecraft:recipes/decorations/chest": {
    "criteria": {
      "has_lots_of_items": "2020-01-05 08:38:57 +0000"
    },
    "done": true
  },
  "minecraft:adventure/adventuring_time": {
    "criteria": {
      "plains": "2020-01-05 08:38:57 +0000"
    },
    "done": false
  },
  "nuclearcraft:processors/nuclear_furnace": {
    "criteria": {
      "has_item": "2020-01-05 08:41:20 +0000"
    },
    "done": true
  }
}