{
  "minecraft:recipes/transportation/acacia_boat": {
    "criteria": {
      "entered_water": "2020-02-28 00:15:27 +0000"
    },
    "done": true
  },
  "nuclearcraft:root": {
    "criteria": {
      "location": "2020-02-28 00:14:48 +0000"
    },
    "done": true
  },
  "minecraft:recipes/transportation/dark_oak_boat": {
    "criteria": {
      "entered_water": "2020-02-28 00:15:27 +0000"
    },
    "done": true
  },
  "minecraft:recipes/transportation/birch_boat": {
    "criteria": {
      "entered_water": "2020-02-28 00:15:27 +0000"
    },
    "done": true
  },
  "minecraft:recipes/transportation/boat": {
    "criteria": {
      "entered_water": "2020-02-28 00:15:27 +0000"
    },
    "done": true
  },
  "minecraft:recipes/transportation/jungle_boat": {
    "criteria": {
      "entered_water": "2020-02-28 00:15:27 +0000"
    },
    "done": true
  },
  "minecraft:recipes/transportation/spruce_boat": {
    "criteria": {
      "entered_water": "2020-02-28 00:15:27 +0000"
    },
    "done": true
  },
  "minecraft:adventure/adventuring_time": {
    "criteria": {
      "forest": "2020-02-28 00:15:50 +0000",
      "forest_hills": "2020-02-28 00:16:05 +0000",
      "jungle_edge": "2020-02-28 00:15:11 +0000",
      "river": "2020-02-28 00:15:34 +0000",
      "jungle": "2020-02-28 00:15:19 +0000"
    },
    "done": false
  }
}