{
  "minecraft:recipes/transportation/acacia_boat": {
    "criteria": {
      "entered_water": "2020-02-28 16:48:19 +0000"
    },
    "done": true
  },
  "nuclearcraft:root": {
    "criteria": {
      "location": "2020-02-28 16:45:58 +0000"
    },
    "done": true
  },
  "nuclearcraft:fission/rtg_plutonium": {
    "criteria": {
      "has_item": "2020-02-28 16:45:57 +0000"
    },
    "done": true
  },
  "minecraft:recipes/transportation/dark_oak_boat": {
    "criteria": {
      "entered_water": "2020-02-28 16:48:19 +0000"
    },
    "done": true
  },
  "minecraft:recipes/decorations/chest": {
    "criteria": {
      "has_lots_of_items": "2020-02-28 16:45:57 +0000"
    },
    "done": true
  },
  "minecraft:recipes/transportation/birch_boat": {
    "criteria": {
      "entered_water": "2020-02-28 16:48:19 +0000"
    },
    "done": true
  },
  "minecraft:recipes/transportation/boat": {
    "criteria": {
      "entered_water": "2020-02-28 16:48:19 +0000"
    },
    "done": true
  },
  "minecraft:recipes/transportation/jungle_boat": {
    "criteria": {
      "entered_water": "2020-02-28 16:48:19 +0000"
    },
    "done": true
  },
  "minecraft:recipes/transportation/spruce_boat": {
    "criteria": {
      "entered_water": "2020-02-28 16:48:19 +0000"
    },
    "done": true
  },
  "minecraft:adventure/adventuring_time": {
    "criteria": {
      "forest": "2020-02-28 16:53:47 +0000",
      "birch_forest": "2020-02-28 16:55:26 +0000",
      "deep_ocean": "2020-02-28 16:51:53 +0000",
      "beaches": "2020-02-28 16:45:58 +0000",
      "forest_hills": "2020-02-28 16:53:56 +0000",
      "jungle_hills": "2020-02-28 16:51:03 +0000",
      "birch_forest_hills": "2020-02-28 16:55:57 +0000",
      "ocean": "2020-02-28 16:48:26 +0000",
      "extreme_hills": "2020-02-28 16:54:26 +0000",
      "roofed_forest": "2020-02-28 16:51:41 +0000",
      "river": "2020-02-28 16:47:49 +0000",
      "jungle": "2020-02-28 16:49:28 +0000",
      "stone_beach": "2020-02-28 16:54:21 +0000"
    },
    "done": false
  }
}