{
  "nuclearcraft:root": {
    "criteria": {
      "location": "2020-02-28 20:42:35 +0000"
    },
    "done": true
  },
  "nuclearcraft:fission/rtg_plutonium": {
    "criteria": {
      "has_item": "2020-02-28 20:42:34 +0000"
    },
    "done": true
  },
  "minecraft:recipes/decorations/chest": {
    "criteria": {
      "has_lots_of_items": "2020-02-28 20:42:34 +0000"
    },
    "done": true
  },
  "minecraft:adventure/adventuring_time": {
    "criteria": {
      "forest": "2020-02-28 20:43:13 +0000",
      "extreme_hills_with_trees": "2020-02-28 20:57:51 +0000",
      "forest_hills": "2020-02-28 20:43:16 +0000",
      "taiga": "2020-02-28 20:42:55 +0000",
      "extreme_hills": "2020-02-28 20:43:10 +0000",
      "river": "2020-02-28 20:42:35 +0000"
    },
    "done": false
  }
}