{"stat.flyOneCm":2845,"stat.walkOneCm":3170,"stat.pickup.emergingtechnology.shreddedplastic":1,"stat.jump":8,"stat.playOneMinute":2442,"stat.pickup.emergingtechnology.biomass":1,"stat.leaveGame":1,"stat.sneakTime":26,"stat.pickup.emergingtechnology.zombiesyringe":1,"stat.pickup.emergingtechnology.shreddedplant":1,"stat.crouchOneCm":115,"stat.pickup.emergingtechnology.paperwaste":1,"stat.timeSinceDeath":2442,"stat.pickup.emergingtechnology.paperpulp":1,"stat.sprintOneCm":824,"stat.pickup.emergingtechnology.plasticwaste":1,"stat.pickup.emergingtechnology.shreddedstarch":1}