{"stat.chestOpened":5,"stat.pickup.emergingtechnology.plasticsheet":1,"stat.flyOneCm":37503,"stat.walkOneCm":53140,"stat.drop":3,"stat.jump":99,"stat.pickup.emergingtechnology.greenbulb":3,"stat.playOneMinute":78073,"stat.pickup.emergingtechnology.plasticblock":63,"stat.useItem.emergingtechnology.plasticblock":17,"stat.drop.emergingtechnology.hydroponic":1,"stat.leaveGame":1,"stat.sneakTime":1173,"stat.pickup.emergingtechnology.shreddedplant":1,"stat.drop.emergingtechnology.plasticblock":1,"stat.pickup.emergingtechnology.hydroponic":1,"stat.crouchOneCm":3161,"stat.timeSinceDeath":78073,"stat.sprintOneCm":4322,"stat.useItem.minecraft.stone_slab2":97,"stat.drop.emergingtechnology.plasticsheet":1}