{
  "nuclearcraft:root": {
    "criteria": {
      "location": "2019-12-29 16:45:01 +0000"
    },
    "done": true
  },
  "nuclearcraft:fission/rtg_plutonium": {
    "criteria": {
      "has_item": "2019-12-29 16:45:44 +0000"
    },
    "done": true
  },
  "minecraft:recipes/redstone/redstone_lamp": {
    "criteria": {
      "has_glowstone": "2019-12-29 16:46:06 +0000"
    },
    "done": true
  },
  "minecraft:adventure/adventuring_time": {
    "criteria": {
      "extreme_hills": "2019-12-29 16:45:01 +0000"
    },
    "done": false
  }
}